purchase_number;articles_found;orders_found;status;file_name;file_path;article_snippets;order_snippets
0108500000425000045;22;;article;Закупка № 0108500000425000045 Прил№3_Обоснование НМЦК.xlsx;C:\Users\Sergey\MAGA\Kimch\НМЦК_сборка\44-фз\Закупка № 0108500000425000045 Прил№3_Обоснование НМЦК.xlsx;22: (Н(М)ЦК) в соответствии с требованиями  ст.22 ФЗ-44 от 05.04.2013 г. на поставку алюм;
0108500000425000970;22;;article;Закупка № 0108500000425000970 Приложение № 3 Обоснование НМЦК .xlsx;C:\Users\Sergey\MAGA\Kimch\НМЦК_сборка\44-фз\Закупка № 0108500000425000970 Приложение № 3 Обоснование НМЦК .xlsx;22: (Н(М)ЦК) в соответствии с требованиями  ст.22 ФЗ-44 от 05.04.2013 г. на поставку алюм | иза рынка) в соответствии с положениями статьи 22 Закона № 44-ФЗ без учета такой информац;
0112200000825000736;22;;article;Закупка № 0112200000825000736 НМЦК новый.xlsx;C:\Users\Sergey\MAGA\Kimch\НМЦК_сборка\44-фз\Закупка № 0112200000825000736 НМЦК новый.xlsx;22: н (анализа рынка) В соответствии с ч. 6 ст.22 Федерального закона от 05.04.2013 N 44-;
0112200000825001574;22;;article;Закупка № 0112200000825001574 Обоснование НМЦК лодка.xlsx;C:\Users\Sergey\MAGA\Kimch\НМЦК_сборка\44-фз\Закупка № 0112200000825001574 Обоснование НМЦК лодка.xlsx;22: н (анализа рынка) В соответствии с ч. 6 ст.22 Федерального закона от 05.04.2013 N 44-;
0112200000825002195;22;;article;Закупка № 0112200000825002195 НМЦК новый.xlsx;C:\Users\Sergey\MAGA\Kimch\НМЦК_сборка\44-фз\Закупка № 0112200000825002195 НМЦК новый.xlsx;22: н (анализа рынка) В соответствии с ч. 6 ст.22 Федерального закона от 05.04.2013 N 44-;
0112200000825002420;22;;article;Закупка № 0112200000825002420 НМЦК новый.xlsx;C:\Users\Sergey\MAGA\Kimch\НМЦК_сборка\44-фз\Закупка № 0112200000825002420 НМЦК новый.xlsx;22: н (анализа рынка) В соответствии с ч. 6 ст.22 Федерального закона от 05.04.2013 N 44-;
0112200000825003180;22;;article;Закупка № 0112200000825003180 НМЦК новый.xlsx;C:\Users\Sergey\MAGA\Kimch\НМЦК_сборка\44-фз\Закупка № 0112200000825003180 НМЦК новый.xlsx;22: н (анализа рынка) В соответствии с ч. 6 ст.22 Федерального закона от 05.04.2013 N 44-;
0118300013325000668;22;567;orders+article;Закупка № 0118300013325000668 Обоснование НМЦК.xls;C:\Users\Sergey\MAGA\Kimch\НМЦК_сборка\44-фз\Закупка № 0118300013325000668 Обоснование НМЦК.xls;22: й) цены контракта в соответствии с ч. 6 ст. 22 Федерального закона от 05.04.2013 № 44- | й) цены контракта в соответствии с ч. 6 ст. 22 Федерального закона от 05.04.2013 № 44-;567: кой Федерации от 2 октября 2013 года  № 567 «Об утверждении методических рекомендац | ской Федерации от 2 октября 2013 года № 567 «Об утверждении методических рекомендац
0119200000125006292;22;;article;Закупка № 0119200000125006292 НМЦК (приложение 2).xlsx;C:\Users\Sergey\MAGA\Kimch\НМЦК_сборка\44-фз\Закупка № 0119200000125006292 НМЦК (приложение 2).xlsx;22: В соответствии с ч. 2 ст. 22 Федерального закона от 05.04.2013 № 44-;
0119200000125009364;22;;article;Закупка № 0119200000125009364 Обоснование НМЦК.xlsx;C:\Users\Sergey\MAGA\Kimch\НМЦК_сборка\44-фз\Закупка № 0119200000125009364 Обоснование НМЦК.xlsx;22: В соответствии с п. 2 ст. 22 Федерального закона от 05.04.2013 № 44-;
0119200000125011262;22;;article;Закупка № 0119200000125011262 НМЦК.xlsx;C:\Users\Sergey\MAGA\Kimch\НМЦК_сборка\44-фз\Закупка № 0119200000125011262 НМЦК.xlsx;22: В соответствии с п. 2 ст. 22 Федерального закона от 05.04.2013 № 44-;
0119200000125011763;22;;article;Закупка № 0119200000125011763 НМЦК Лодка надувная.xlsx;C:\Users\Sergey\MAGA\Kimch\НМЦК_сборка\44-фз\Закупка № 0119200000125011763 НМЦК Лодка надувная.xlsx;22: В соответствии с п. 2 ст. 22 Федерального закона от 05.04.2013 № 44-;
0131200001025002492;;567;orders;Закупка № 0131200001025002492 Приложение 2-Обоснование  НМЦК-02681.xls;C:\Users\Sergey\MAGA\Kimch\НМЦК_сборка\44-фз\Закупка № 0131200001025002492 Приложение 2-Обоснование  НМЦК-02681.xls;;"567: тия Российской Федерации от 02.10.2013 №567 ""Об утверждении методических рекомендац"
0131200001025002520;;567;orders;Закупка № 0131200001025002520 Приложение №2 Обоснование НМЦК.xls;C:\Users\Sergey\MAGA\Kimch\НМЦК_сборка\44-фз\Закупка № 0131200001025002520 Приложение №2 Обоснование НМЦК.xls;;"567: тия Российской Федерации от 02.10.2013 №567 ""Об утверждении методических рекомендац"
0131200001025002707;;567;orders;Закупка № 0131200001025002707 Приложение 2-Обоснование  НМЦК-02805.xls;C:\Users\Sergey\MAGA\Kimch\НМЦК_сборка\44-фз\Закупка № 0131200001025002707 Приложение 2-Обоснование  НМЦК-02805.xls;;"567: тия Российской Федерации от 02.10.2013 №567 ""Об утверждении методических рекомендац"
0131200001025004235;22;567;orders+article;Закупка № 0131200001025004235 Приложение №2 Обоснование НМЦК 4541.xlsx;C:\Users\Sergey\MAGA\Kimch\НМЦК_сборка\44-фз\Закупка № 0131200001025004235 Приложение №2 Обоснование НМЦК 4541.xlsx;22: снование подготовлено в соответствии со статьей 22 Федерального закона от 05.04.2013 № 44-;"567: инэкономразвития России от 02.10.2013 N 567 ""Об утверждении Методических рекомендац |  Российской Федерации от 2.10.2013 г. № 567. Согласно информации полученной из обще"
0131200001025005012;22;567;orders+article;Закупка № 0131200001025005012 Приложение №2 Обоснование НМЦК 5335.xls;C:\Users\Sergey\MAGA\Kimch\НМЦК_сборка\44-фз\Закупка № 0131200001025005012 Приложение №2 Обоснование НМЦК 5335.xls;22: асчет НМЦК произведен в соответствии со ст. 22 Федерального закона от 05.04.2013 г. № ;"567: инэкономразвития России от 02.10.2013 N 567 ""Об утверждении Методических рекомендац"
0131200001025005185;22;567;orders+article;Закупка № 0131200001025005185 Приложение 2 - Обоснование НМЦК_05721.xls;C:\Users\Sergey\MAGA\Kimch\НМЦК_сборка\44-фз\Закупка № 0131200001025005185 Приложение 2 - Обоснование НМЦК_05721.xls;22: асчет НМЦК произведен в соответствии со ст. 22 Федерального закона от 05.04.2013 г. № ;"567: инэкономразвития России от 02.10.2013 N 567 ""Об утверждении Методических рекомендац"
0142300006225000066;22;;article;Закупка № 0142300006225000066 Обоснование НМЦК(1).xlsx;C:\Users\Sergey\MAGA\Kimch\НМЦК_сборка\44-фз\Закупка № 0142300006225000066 Обоснование НМЦК(1).xlsx;22: анализ рынка) в соответствии с частью 6 статьи 22 Федерального закона от 05.04.2013 № 44-;
0142300006225000072;22;;article;Закупка № 0142300006225000072 Обоснование НМЦК(1).xlsx;C:\Users\Sergey\MAGA\Kimch\НМЦК_сборка\44-фз\Закупка № 0142300006225000072 Обоснование НМЦК(1).xlsx;22: анализ рынка) в соответствии с частью 6 статьи 22 Федерального закона от 05.04.2013 № 44-;
0142300006225000081;22;;article;Закупка № 0142300006225000081 Обоснование НМЦК.xlsx;C:\Users\Sergey\MAGA\Kimch\НМЦК_сборка\44-фз\Закупка № 0142300006225000081 Обоснование НМЦК.xlsx;22: анализ рынка) в соответствии с частью 6 статьи 22 Федерального закона от 05.04.2013 № 44-;
0153300007625000035;22;567;orders+article;Закупка № 0153300007625000035 НМЦК_Приобретение-лодки-для-ЕДДС-Бузулукского-района.xlsx;C:\Users\Sergey\MAGA\Kimch\НМЦК_сборка\44-фз\Закупка № 0153300007625000035 НМЦК_Приобретение-лодки-для-ЕДДС-Бузулукского-района.xlsx;22: ом, исполнителем) (в соответствии с п.6 ст.22 44-ФЗ) Расчет выполнен в соответствии с;567: жденными приказом МЭР РФ от 02.10.2013 №567
0163600007425000012;22;567;orders+article;Закупка № 0163600007425000012 НМЦК 2.xlsx;C:\Users\Sergey\MAGA\Kimch\НМЦК_сборка\44-фз\Закупка № 0163600007425000012 НМЦК 2.xlsx;22: ом, исполнителем) (в соответствии с п.6 ст.22 44-ФЗ) Расчет выполнен в соответствии с;567: жденными приказом МЭР РФ от 02.10.2013 №567
0169300000325000385;22;567;orders+article;Закупка № 0169300000325000385 Приложение №2_к_извещению_Обоснование_НМЦК.xls;C:\Users\Sergey\MAGA\Kimch\НМЦК_сборка\44-фз\Закупка № 0169300000325000385 Приложение №2_к_извещению_Обоснование_НМЦК.xls;22: шей цене) в соответствии с требованиями статьи 22 закона № 44-ФЗ.   | чета НМЦК в соответствии с требованиями статьи 22 закона № 44-ФЗ. ;"567: инэкономразвития России от 02.10.2013 № 567 "" Об утверждении методических рекоменда | инэкономразвития россии от 02.10.2013 № 567 "" Об утверждении методических рекоменда"
0169300000325000410;22;567;orders+article;Закупка № 0169300000325000410 Приложение №2 к извещению - Обоснование НМЦК.xls;C:\Users\Sergey\MAGA\Kimch\НМЦК_сборка\44-фз\Закупка № 0169300000325000410 Приложение №2 к извещению - Обоснование НМЦК.xls;22: шей цене) в соответствии с требованиями статьи 22 закона № 44-ФЗ.   | чета НМЦК в соответствии с требованиями статьи 22 закона № 44-ФЗ. ;"567: инэкономразвития России от 02.10.2013 № 567 "" Об утверждении методических рекоменда | инэкономразвития россии от 02.10.2013 № 567 "" Об утверждении методических рекоменда"
0169300008225000266;;567;orders;Закупка № 0169300008225000266 Приложение 2 - Обоснование НМЦК.xlsx;C:\Users\Sergey\MAGA\Kimch\НМЦК_сборка\44-фз\Закупка № 0169300008225000266 Приложение 2 - Обоснование НМЦК.xlsx;;"567: инэкономразвития России от 02.10.2013 N 567 ""Об утверждении методических рекомендац"
0169300028125000166;;567;orders;Закупка № 0169300028125000166 Обоснование Н(М)ЦК - ПО_КСЭОН (1) (2).xlsx;C:\Users\Sergey\MAGA\Kimch\НМЦК_сборка\44-фз\Закупка № 0169300028125000166 Обоснование Н(М)ЦК - ПО_КСЭОН (1) (2).xlsx;;"567: Минэкономразвития России от 02.10.2013 №567 ""Об утверждении Методических рекомендац"
0174500001125003857;22;567;orders+article;Закупка № 0174500001125003857 07.07 НМЦК лодкка.xlsx;C:\Users\Sergey\MAGA\Kimch\НМЦК_сборка\44-фз\Закупка № 0174500001125003857 07.07 НМЦК лодкка.xlsx;22: ен (анализа рынка) В соответствии с ч.6 статьи 22 Федерального закона от 05.04.2013 N 44-;567: кого развития РФ от 2 октября 2013 г. № 567 «Об утверждении Методических рекомендац
0187300006525000385;;567;orders;Закупка № 0187300006525000385 Приложение 2. НМЦК надувная лодка.xls;C:\Users\Sergey\MAGA\Kimch\НМЦК_сборка\44-фз\Закупка № 0187300006525000385 Приложение 2. НМЦК надувная лодка.xls;;567: инэкономразвития России от 02.10.2013 N 567), так как указанный метод является прио
0187300006525000647;;567;orders;Закупка № 0187300006525000647 Приложение 2 НМЦК - 2025-04-30T110929.463.xlsx;C:\Users\Sergey\MAGA\Kimch\НМЦК_сборка\44-фз\Закупка № 0187300006525000647 Приложение 2 НМЦК - 2025-04-30T110929.463.xlsx;;567: инэкономразвития России от 02.10.2013 № 567). Начальная максимальная цена контракта
0187300006525000777;;567;orders;Закупка № 0187300006525000777 Приложение 2 НМЦК - 2025-04-30T110929.463.xlsx;C:\Users\Sergey\MAGA\Kimch\НМЦК_сборка\44-фз\Закупка № 0187300006525000777 Приложение 2 НМЦК - 2025-04-30T110929.463.xlsx;;567: инэкономразвития России от 02.10.2013 № 567). Начальная максимальная цена контракта
0187500000425000064;22;;article;Закупка № 0187500000425000064 РНМЦК.xlsx.xlsx;C:\Users\Sergey\MAGA\Kimch\НМЦК_сборка\44-фз\Закупка № 0187500000425000064 РНМЦК.xlsx.xlsx;22: Иной метод,  в соответствии со статьей 22 Федерального закона от 05.04.2013 № 44-;
0187500000425000065;22;;article;Закупка № 0187500000425000065 Расчет_НМЦК - Поставка лодки.xlsx.xlsx;C:\Users\Sergey\MAGA\Kimch\НМЦК_сборка\44-фз\Закупка № 0187500000425000065 Расчет_НМЦК - Поставка лодки.xlsx.xlsx;22: х цен (анализ рынка)  в соответствии со статьей 22 Федерального закона от 05.04.2013 № 44-;
0301100021425000011;;567;orders;Закупка № 0301100021425000011 Приложение № 1 Обоснование НМЦК (гибкое ограждение Казань).xlsx;C:\Users\Sergey\MAGA\Kimch\НМЦК_сборка\44-фз\Закупка № 0301100021425000011 Приложение № 1 Обоснование НМЦК (гибкое ограждение Казань).xlsx;;"567: инэкономразвития России от 02.10.2013 N 567 ""Об утверждении Методических рекомендац"
0301200077625000010;22;;article;Закупка № 0301200077625000010 НМЦК.xlsx.xlsx;C:\Users\Sergey\MAGA\Kimch\НМЦК_сборка\44-фз\Закупка № 0301200077625000010 НМЦК.xlsx.xlsx;22: ыночных цен (анализа рынка) - п. 1 ч. 1 ст. 22, Федерального закона от 05.04.2013 N 44;
0301200077625000032;22;;article;Закупка № 0301200077625000032 НМЦК.zip.xlsx;C:\Users\Sergey\MAGA\Kimch\НМЦК_сборка\44-фз\Закупка № 0301200077625000032 НМЦК.zip.xlsx;22: ыночных цен (анализа рынка) - п. 1 ч. 1 ст. 22, Федерального закона от 05.04.2013 N 44;
0318100060325000004;22;567;orders+article;Закупка № 0318100060325000004 Приложение № 1 - НМЦК.xlsx;C:\Users\Sergey\MAGA\Kimch\НМЦК_сборка\44-фз\Закупка № 0318100060325000004 Приложение № 1 - НМЦК.xlsx;22:  методом расчета НМЦК в соответствии со статьей 22 Федерального закона № 44-ФЗ от 05.04.20;567: 0 раздела III приказа от 02.10.2013г. № 567 «Об утверждении методических рекомендац | ия Российской Федерации от 02.10.2013 № 567 «Об утверждении методических рекомендац
0318200030225000001;22;567;orders+article;Закупка № 0318200030225000001 Обоснование НМЦК.xlsx;C:\Users\Sergey\MAGA\Kimch\НМЦК_сборка\44-фз\Закупка № 0318200030225000001 Обоснование НМЦК.xlsx;22: сполнителем), в соответствии с частью 6 статьи 22 Федерального закона от 5 апреля 2013 г.;"567: ийской Федерации от 2 октября 2013 г. № 567 ""Об утверждении методических рекомендац"
0318200030225000002;22;567;orders+article;Закупка № 0318200030225000002 Обоснование НМЦК.xlsx;C:\Users\Sergey\MAGA\Kimch\НМЦК_сборка\44-фз\Закупка № 0318200030225000002 Обоснование НМЦК.xlsx;22: сполнителем), в соответствии с частью 6 статьи 22 Федерального закона от 5 апреля 2013 г.;"567: ийской Федерации от 2 октября 2013 г. № 567 ""Об утверждении методических рекомендац"
0318200048525000017;22;;article;Закупка № 0318200048525000017 Обоснование НМЦК.xls;C:\Users\Sergey\MAGA\Kimch\НМЦК_сборка\44-фз\Закупка № 0318200048525000017 Обоснование НМЦК.xls;22:  (максимальной) цены контракта: часть 6 ст 22 Федерального закона 44-ФЗ от 5 апреля 2;
0318200067725000001;22;567;orders+article;Закупка № 0318200067725000001 2. Обоснование НМЦК.xls;C:\Users\Sergey\MAGA\Kimch\НМЦК_сборка\44-фз\Закупка № 0318200067725000001 2. Обоснование НМЦК.xls;22: й) цены контракта в соответствии с ч. 6 ст. 22 Федерального закона от 05.04.2013 № 44- | й) цены контракта в соответствии с ч. 6 ст. 22 Федерального закона от 05.04.2013 № 44-;567: кой Федерации от 2 октября 2013 года  № 567 «Об утверждении методических рекомендац | ской Федерации от 2 октября 2013 года № 567 «Об утверждении методических рекомендац
0318300119425000468;;567;orders;Закупка № 0318300119425000468 НМЦК.xlsx;C:\Users\Sergey\MAGA\Kimch\НМЦК_сборка\44-фз\Закупка № 0318300119425000468 НМЦК.xlsx;;"567: ического развития Российской Федерации №567 от 02.10.2013 ""Об утверждении методичес"
0319100001325000037;22;567;orders+article;Закупка № 0319100001325000037 Приложение 1 (Обоснование НМЦК скеги).xlsx;C:\Users\Sergey\MAGA\Kimch\НМЦК_сборка\44-фз\Закупка № 0319100001325000037 Приложение 1 (Обоснование НМЦК скеги).xlsx;22: плением в качестве приоритетного в ч. 6 ст. 22 Федерального закона от 05.04.2013 № 44-;567: ком» (утв. Приказом МЭР от 02.10.2013 № 567). В отношении объекта закупки отсутству
0320100011025000021;22;567;orders+article;Закупка № 0320100011025000021 Приложение №2 Обоснование НМЦК спасательный плот спускаемого типа.xlsx;C:\Users\Sergey\MAGA\Kimch\НМЦК_сборка\44-фз\Закупка № 0320100011025000021 Приложение №2 Обоснование НМЦК спасательный плот спускаемого типа.xlsx;22: ом, исполнителем) (в соответствии с п.6 ст.22 44-ФЗ) Расчет выполнен в соответствии с;567: жденными приказом МЭР РФ от 02.10.2013 №567
0320100018325000009;;567;orders;Закупка № 0320100018325000009 Обоснование НМЦК_плот.xlsx;C:\Users\Sergey\MAGA\Kimch\НМЦК_сборка\44-фз\Закупка № 0320100018325000009 Обоснование НМЦК_плот.xlsx;;"567: инэкономразвития России от 02.10.2013 N 567 ""Об утверждении Методических рекомендац | зом Минэкономразвития РФ от 02.10.2013 №567 расчет произведен с помощью стандартных"
0320100018725000190;22|34;567;orders+article;Закупка № 0320100018725000190 Расчет НМЦК.xls;C:\Users\Sergey\MAGA\Kimch\НМЦК_сборка\44-фз\Закупка № 0320100018725000190 Расчет НМЦК.xls;22: лее - НМЦК) проведено в соответствии со ст.22 Федерального закона от 05.04.2013 № 44- || 34: ого использования средств университета (ст. 34 Бюджетного кодекса РФ), Заказчик принял;"567: инэкономразвития России от 02.10.2013 № 567 ""Об утверждении Методических рекомендац"
0324400000825000003;22;567;orders+article;Закупка № 0324400000825000003 Приложение № 1 Обоснование начальной (максимальной) цены контракта.xlsx;C:\Users\Sergey\MAGA\Kimch\НМЦК_сборка\44-фз\Закупка № 0324400000825000003 Приложение № 1 Обоснование начальной (максимальной) цены контракта.xlsx;22: В соответствии со статьей 22 Федерального закона от 05.04.2013 года ;567: ва экономического развития РФ (Приказ № 567 от 02.10.2013). Обоснование и расчет на
0329400001725000037;22;567;orders+article;Закупка № 0329400001725000037 Приложение 2 Обоснование НМЦК.xlsx;C:\Users\Sergey\MAGA\Kimch\НМЦК_сборка\44-фз\Закупка № 0329400001725000037 Приложение 2 Обоснование НМЦК.xlsx;22: В соответствии со статьей 22 Федерального закона от 05.04.2013 года ;567: ва экономического развития РФ (Приказ № 567 от 02.10.2013). Обоснование и расчет на
0333400000325000005;22;567;orders+article;Закупка № 0333400000325000005 Приложение №2 Расчет НМЦК_мониторинг.xlsx;C:\Users\Sergey\MAGA\Kimch\НМЦК_сборка\44-фз\Закупка № 0333400000325000005 Приложение №2 Расчет НМЦК_мониторинг.xlsx;22: В соответствии со статьей 22 Федерального закона от 05.04.2013 года ;567: ва экономического развития РФ (Приказ № 567 от 02.10.2013). Обоснование и расчет на
0333400000325000026;22;567;orders+article;Закупка № 0333400000325000026 Приложение № 2 Расчет НМЦК.xlsx;C:\Users\Sergey\MAGA\Kimch\НМЦК_сборка\44-фз\Закупка № 0333400000325000026 Приложение № 2 Расчет НМЦК.xlsx;22: В соответствии со статьей 22 Федерального закона от 05.04.2013 года ;567: ва экономического развития РФ (Приказ № 567 от 02.10.2013). Обоснование и расчет на
0338100004825000014;22;;article;Закупка № 0338100004825000014 Обоснованию НМЦК.xlsx;C:\Users\Sergey\MAGA\Kimch\НМЦК_сборка\44-фз\Закупка № 0338100004825000014 Обоснованию НМЦК.xlsx;22: В соответствии с ч.6 статьи 22 Федерального закона от 05.04.2013 N 44-;
0338100004825000016;22;;article;Закупка № 0338100004825000016 Обоснованию НМЦК.xlsx;C:\Users\Sergey\MAGA\Kimch\НМЦК_сборка\44-фз\Закупка № 0338100004825000016 Обоснованию НМЦК.xlsx;22: В соответствии с ч.6 статьи 22 Федерального закона от 05.04.2013 N 44-;
0339300289625000009;;567;orders;Закупка № 0339300289625000009 Обоснование НМЦК.xlsx;C:\Users\Sergey\MAGA\Kimch\НМЦК_сборка\44-фз\Закупка № 0339300289625000009 Обоснование НМЦК.xlsx;;567: Минэкономразвития  РФ от 02.10.2013 г. №567 «Об утверждении методических рекомендац
0339300289625000010;;567;orders;Закупка № 0339300289625000010 Обоснование НМЦК.xlsx;C:\Users\Sergey\MAGA\Kimch\НМЦК_сборка\44-фз\Закупка № 0339300289625000010 Обоснование НМЦК.xlsx;;567: Минэкономразвития  РФ от 02.10.2013 г. №567 «Об утверждении методических рекомендац
0339300289625000030;22;567;orders+article;Закупка № 0339300289625000030 2. Обоснование НМЦК закупка дрона.xlsx;C:\Users\Sergey\MAGA\Kimch\НМЦК_сборка\44-фз\Закупка № 0339300289625000030 2. Обоснование НМЦК закупка дрона.xlsx;22: ны контракта осуществлялся на основании статьи 22 Федерального закона от 05.04.2013г. №44;567: инэкономразвития России от 02.10.2013 № 567 «Об утверждении Методических рекомендац
0342300062525000001;22;;article;Закупка № 0342300062525000001 НМЦК на поставку каноэ.xls;C:\Users\Sergey\MAGA\Kimch\НМЦК_сборка\44-фз\Закупка № 0342300062525000001 НМЦК на поставку каноэ.xls;22: приоритетный, согласно ч. 6, ст. 22 ФЗ №44-ФЗ;
0342300194425000013;22;;article;Закупка № 0342300194425000013 ОНМЦК 41 от 28.03.2025 Поставка лодки ПВХ и лодочного двигателя.xlsx;C:\Users\Sergey\MAGA\Kimch\НМЦК_сборка\44-фз\Закупка № 0342300194425000013 ОНМЦК 41 от 28.03.2025 Поставка лодки ПВХ и лодочного двигателя.xlsx;22: Приоритетный (п. 6 ст. 22 ФЗ 44-ФЗ от 05.04.13 г.) ;
0342300194425000014;22;;article;Закупка № 0342300194425000014 ОНМЦК 40 от 27.03.2025 оборудование для пляжей.xlsx;C:\Users\Sergey\MAGA\Kimch\НМЦК_сборка\44-фз\Закупка № 0342300194425000014 ОНМЦК 40 от 27.03.2025 оборудование для пляжей.xlsx;22: Приоритетный (п. 6 ст. 22 ФЗ 44-ФЗ от 05.04.13 г.) ;
0348100008825000022;22|34;567;orders+article;Закупка № 0348100008825000022 Приложение № 1 -  НМЦК.xls;C:\Users\Sergey\MAGA\Kimch\НМЦК_сборка\44-фз\Закупка № 0348100008825000022 Приложение № 1 -  НМЦК.xls;22: авщиков. И в соответствии с положениями ст. 22 Федерального закона №44-ФЗ и Приказа Ми || 34: ния бюджетных средств, регламентируемым ст. 34 БК РФ, обязывающей  участников бюджетно;"567: инэкономразвития России от 02.10.2013 N 567 ""Об утверждении Методических рекомендац | ического развития Российской Федерации №567 от 2 октября 2013г. и во избежание сгов"
0353300009925000013;;567;orders;Закупка № 0353300009925000013 2 нмцк.xls;C:\Users\Sergey\MAGA\Kimch\НМЦК_сборка\44-фз\Закупка № 0353300009925000013 2 нмцк.xls;;"567: нэкономразвития России от 02.10.2013 N  567 ""Об утверждении Методических рекомендац | ом Минэкономразвития РФ от 02.10.2013 № 567 расчет произведен с помощью стандартных"
0354200017425000001;22|34;567;orders+article;Закупка № 0354200017425000001 НМЦК лодка.xlsx;C:\Users\Sergey\MAGA\Kimch\НМЦК_сборка\44-фз\Закупка № 0354200017425000001 НМЦК лодка.xlsx;22: нением методов предусмотренных частью 1 статьи 22 Федерального закона от 5 апреля 2013 го || 34: С учетом положений ст. 34 БК РФ, регламентирующей принцип эффекти;"567: кого развития РФ от 2 октября 2013 г. N 567 ""Об утверждении Методических рекомендац | ядчиком, исполнителем)"" (Далее Приказ № 567).  "
0354200017425000003;22;567;orders+article;Закупка № 0354200017425000003 НМЦК лодка.xlsx;C:\Users\Sergey\MAGA\Kimch\НМЦК_сборка\44-фз\Закупка № 0354200017425000003 НМЦК лодка.xlsx;22: нением методов предусмотренных частью 1 статьи 22 Федерального закона от 5 апреля 2013 го;"567: кого развития РФ от 2 октября 2013 г. N 567 ""Об утверждении Методических рекомендац | ядчиком, исполнителем)"" (Далее Приказ № 567).  "
0356300207625000004;22;567;orders+article;Закупка № 0356300207625000004 Обоснование нмц.xlsx;C:\Users\Sergey\MAGA\Kimch\НМЦК_сборка\44-фз\Закупка № 0356300207625000004 Обоснование нмц.xlsx;22: рующий рынок, в соответствии с частью 6 статьи 22 Федерального закона от 5 апреля 2013 г.;567: ийской Федерации от 2 октября 2013 г. № 567.
0356500001425003294;22;567;orders+article;Закупка № 0356500001425003294 Обоснование нмц.xlsx;C:\Users\Sergey\MAGA\Kimch\НМЦК_сборка\44-фз\Закупка № 0356500001425003294 Обоснование нмц.xlsx;22: рующий рынок, в соответствии с частью 6 статьи 22 Федерального закона от 5 апреля 2013 г.;567: ийской Федерации от 2 октября 2013 г. № 567.
0358200011325000008;22;;article;Закупка № 0358200011325000008 Расчет НМЦК.xlsx;C:\Users\Sergey\MAGA\Kimch\НМЦК_сборка\44-фз\Закупка № 0358200011325000008 Расчет НМЦК.xlsx;22:  цен (анализа рынка). В соответствии со статьей 22 Федерального законом от 05 апреля 2013 ;
0358200020425000001;22;;article;Закупка № 0358200020425000001 ОБОСНОВАНИЕ НМЦК.xls;C:\Users\Sergey\MAGA\Kimch\НМЦК_сборка\44-фз\Закупка № 0358200020425000001 ОБОСНОВАНИЕ НМЦК.xls;22: анализ рынка) в соответствии с частью 2 статьи 22 Федерального закона от 05.04.2013 №44-Ф | ьзуемого метода: в соответствии с ч. 6. ст. 22 Федерального закона от 05.04.2013 №44-Ф;
0358200020425000005;22;;article;Закупка № 0358200020425000005 ОБОСНОВАНИЕ НМЦК.xls;C:\Users\Sergey\MAGA\Kimch\НМЦК_сборка\44-фз\Закупка № 0358200020425000005 ОБОСНОВАНИЕ НМЦК.xls;22: анализ рынка) в соответствии с частью 2 статьи 22 Федерального закона от 05.04.2013 №44-Ф | ьзуемого метода: в соответствии с ч. 6. ст. 22 Федерального закона от 05.04.2013 №44-Ф;
0358200054225000001;22;567;orders+article;Закупка № 0358200054225000001 Обоснование НМЦК .xls;C:\Users\Sergey\MAGA\Kimch\НМЦК_сборка\44-фз\Закупка № 0358200054225000001 Обоснование НМЦК .xls;22: ом, исполнителем) (в соответствии с п.6 ст.22 44-ФЗ)  Расчет выполнен в соответствии ;567: жденными приказом МЭР РФ от 02.10.2013 №567
0358200054225000002;22;567;orders+article;Закупка № 0358200054225000002 Обоснование НМЦКxls .xls;C:\Users\Sergey\MAGA\Kimch\НМЦК_сборка\44-фз\Закупка № 0358200054225000002 Обоснование НМЦКxls .xls;22: ом, исполнителем) (в соответствии с п.6 ст.22 44-ФЗ)  Расчет выполнен в соответствии ;567: жденными приказом МЭР РФ от 02.10.2013 №567
0358200054225000003;22;567;orders+article;Закупка № 0358200054225000003 Обоснование НМЦК.xls;C:\Users\Sergey\MAGA\Kimch\НМЦК_сборка\44-фз\Закупка № 0358200054225000003 Обоснование НМЦК.xls;22: ом, исполнителем) (в соответствии с п.6 ст.22 44-ФЗ)  Расчет выполнен в соответствии ;567: жденными приказом МЭР РФ от 02.10.2013 №567
0358200054225000004;22;567;orders+article;Закупка № 0358200054225000004 Обоснование НМЦК.xls;C:\Users\Sergey\MAGA\Kimch\НМЦК_сборка\44-фз\Закупка № 0358200054225000004 Обоснование НМЦК.xls;22: ом, исполнителем) (в соответствии с п.6 ст.22 44-ФЗ)  Расчет выполнен в соответствии ;567: жденными приказом МЭР РФ от 02.10.2013 №567
0358200054225000005;22;567;orders+article;Закупка № 0358200054225000005 Обоснование НМЦК.xls;C:\Users\Sergey\MAGA\Kimch\НМЦК_сборка\44-фз\Закупка № 0358200054225000005 Обоснование НМЦК.xls;22: ом, исполнителем) (в соответствии с п.6 ст.22 44-ФЗ)  Расчет выполнен в соответствии ;567: жденными приказом МЭР РФ от 02.10.2013 №567
0358300445725000010;22;567;orders+article;Закупка № 0358300445725000010 Обоснование НМЦК лодка 2025.xls;C:\Users\Sergey\MAGA\Kimch\НМЦК_сборка\44-фз\Закупка № 0358300445725000010 Обоснование НМЦК лодка 2025.xls;22: максимальной) цены контракта : Согласно статье 22, п. 2  44-ФЗ является приоритетным для ;"567: ия Российской Федерации от 02.10.2013 № 567 . | инэкономразвития России от 02.10.2013 N 567 ""Об утверждении Методических рекомендац"
0358300445725000011;22;567;orders+article;Закупка № 0358300445725000011 Обоснование НМЦК лодка 2025.xls;C:\Users\Sergey\MAGA\Kimch\НМЦК_сборка\44-фз\Закупка № 0358300445725000011 Обоснование НМЦК лодка 2025.xls;22: максимальной) цены контракта : Согласно статье 22, п. 2  44-ФЗ является приоритетным для ;"567: ия Российской Федерации от 02.10.2013 № 567 . | инэкономразвития России от 02.10.2013 N 567 ""Об утверждении Методических рекомендац"
0362300376325000008;;567;orders;Закупка № 0362300376325000008 Обоснование НМЦК.xlsx;C:\Users\Sergey\MAGA\Kimch\НМЦК_сборка\44-фз\Закупка № 0362300376325000008 Обоснование НМЦК.xlsx;;"567: инэкономразвития России от 02.10.2013 N 567 ""Об утверждении Методических рекомендац"
0369100038425000060;22;567;orders+article;Закупка № 0369100038425000060 Обоснование НМЦК.xlsx;C:\Users\Sergey\MAGA\Kimch\НМЦК_сборка\44-фз\Закупка № 0369100038425000060 Обоснование НМЦК.xlsx;22: н (анализа рынка), в соответствии с ч.6 ст. 22 Федерального закона от 05.04.2013г. № 4;567: инэкономразвития России от 02.10.2013 N 567)
0369300199325000012;;567;orders;Закупка № 0369300199325000012.xls;C:\Users\Sergey\MAGA\Kimch\НМЦК_сборка\44-фз\Закупка № 0369300199325000012.xls;;"567: инэкономразвития России от 02.10.2013 N 567 ""Об утверждении Методических рекомендац"
0372100054625000371;22;567;orders+article;Закупка № 0372100054625000371 Обоснование НМЦК2024.xlsx;C:\Users\Sergey\MAGA\Kimch\НМЦК_сборка\44-фз\Закупка № 0372100054625000371 Обоснование НМЦК2024.xlsx;22: (в соответствии с частью 6 статьи 22 Федерального закона № 44-ФЗ метод сопос | Расчет НМЦК (в соответствии с частью 20 статьи 22 Федерального закона № 44-ФЗ – на основа;567: инэкономразвития России от 02.10.2013 № 567, (далее – «Методических рекомендаций»))
0372200078925000054;22;567;orders+article;Закупка № 0372200078925000054 2_Расчёт_НМЦК_.xls;C:\Users\Sergey\MAGA\Kimch\НМЦК_сборка\44-фз\Закупка № 0372200078925000054 2_Расчёт_НМЦК_.xls;22: аказчиком в соответствии с требованиями статьи 22 Федерального закона 44-ФЗ. При определе;567: ия Российской Федерации от 02.10.2013 № 567 «Об утверждении Методических рекомендац
0372200141825000011;;567;orders;Закупка № 0372200141825000011 НМЦК2024-товар.xlsx;C:\Users\Sergey\MAGA\Kimch\НМЦК_сборка\44-фз\Закупка № 0372200141825000011 НМЦК2024-товар.xlsx;;567: инэкономразвития России от 02.10.2013 N 567 «Об утверждении Методических рекомендац
0372200141825000012;;567;orders;Закупка № 0372200141825000012 НМЦК2025-байдарки.xlsx;C:\Users\Sergey\MAGA\Kimch\НМЦК_сборка\44-фз\Закупка № 0372200141825000012 НМЦК2025-байдарки.xlsx;;567: инэкономразвития России от 02.10.2013 N 567 «Об утверждении Методических рекомендац
0372200141825000020;;567;orders;Закупка № 0372200141825000020 НМЦК2024-товар.xlsx;C:\Users\Sergey\MAGA\Kimch\НМЦК_сборка\44-фз\Закупка № 0372200141825000020 НМЦК2024-товар.xlsx;;567: инэкономразвития России от 02.10.2013 N 567 «Об утверждении Методических рекомендац
0372200141825000023;;567;orders;Закупка № 0372200141825000023 НМЦК2024-товар[1].xlsx;C:\Users\Sergey\MAGA\Kimch\НМЦК_сборка\44-фз\Закупка № 0372200141825000023 НМЦК2024-товар[1].xlsx;;567: инэкономразвития России от 02.10.2013 N 567 «Об утверждении Методических рекомендац
0372200141825000025;;567;orders;Закупка № 0372200141825000025 НМЦК2025_-_лодки_для_гр_спорта_(одиночка_и_двойка_гоночные).xlsx;C:\Users\Sergey\MAGA\Kimch\НМЦК_сборка\44-фз\Закупка № 0372200141825000025 НМЦК2025_-_лодки_для_гр_спорта_(одиночка_и_двойка_гоночные).xlsx;;567: инэкономразвития России от 02.10.2013 N 567 «Об утверждении Методических рекомендац
0372200141825000026;;567;orders;Закупка № 0372200141825000026 НМЦК2024-товар.xlsx;C:\Users\Sergey\MAGA\Kimch\НМЦК_сборка\44-фз\Закупка № 0372200141825000026 НМЦК2024-товар.xlsx;;567: инэкономразвития России от 02.10.2013 N 567 «Об утверждении Методических рекомендац
0372200141825000036;;567;orders;Закупка № 0372200141825000036 НМЦКбайдарка_четверка.xlsx;C:\Users\Sergey\MAGA\Kimch\НМЦК_сборка\44-фз\Закупка № 0372200141825000036 НМЦКбайдарка_четверка.xlsx;;567: инэкономразвития России от 02.10.2013 N 567 «Об утверждении Методических рекомендац
0372200141825000038;;567;orders;Закупка № 0372200141825000038 НМЦК2025_-_швертбот_29.xlsx;C:\Users\Sergey\MAGA\Kimch\НМЦК_сборка\44-фз\Закупка № 0372200141825000038 НМЦК2025_-_швертбот_29.xlsx;;567: инэкономразвития России от 02.10.2013 N 567 «Об утверждении Методических рекомендац
0372200141825000039;;567;orders;Закупка № 0372200141825000039 НМЦКбайдарка_двойка_Nelo.xlsx;C:\Users\Sergey\MAGA\Kimch\НМЦК_сборка\44-фз\Закупка № 0372200141825000039 НМЦКбайдарка_двойка_Nelo.xlsx;;567: инэкономразвития России от 02.10.2013 N 567 «Об утверждении Методических рекомендац
0372200141825000040;;567;orders;Закупка № 0372200141825000040 НМЦК2025-байдарки.xlsx;C:\Users\Sergey\MAGA\Kimch\НМЦК_сборка\44-фз\Закупка № 0372200141825000040 НМЦК2025-байдарки.xlsx;;567: инэкономразвития России от 02.10.2013 N 567 «Об утверждении Методических рекомендац
0372200141825000042;;567;orders;Закупка № 0372200141825000042 НМЦК2025_-_лодки_для_гребного_слалома.xlsx;C:\Users\Sergey\MAGA\Kimch\НМЦК_сборка\44-фз\Закупка № 0372200141825000042 НМЦК2025_-_лодки_для_гребного_слалома.xlsx;;567: инэкономразвития России от 02.10.2013 N 567 «Об утверждении Методических рекомендац
0372200141825000044;;567;orders;Закупка № 0372200141825000044 НМЦКбайдарка_К-1_mini.xlsx;C:\Users\Sergey\MAGA\Kimch\НМЦК_сборка\44-фз\Закупка № 0372200141825000044 НМЦКбайдарка_К-1_mini.xlsx;;567: инэкономразвития России от 02.10.2013 N 567 «Об утверждении Методических рекомендац
0372500009325000008;;567;orders;Закупка № 0372500009325000008 НМЦК_423.xlsx;C:\Users\Sergey\MAGA\Kimch\НМЦК_сборка\44-фз\Закупка № 0372500009325000008 НМЦК_423.xlsx;;"567: ия Российской Федерации от 02.10.2013 № 567 «Об утверждении методических рекомендац | инэкономразвития России от 02.10.2013 N 567 ""Об утверждении Методических рекомендац"
0372500009325000010;;567;orders;Закупка № 0372500009325000010 НМЦК_111.xlsx;C:\Users\Sergey\MAGA\Kimch\НМЦК_сборка\44-фз\Закупка № 0372500009325000010 НМЦК_111.xlsx;;"567: ия Российской Федерации от 02.10.2013 № 567 «Об утверждении методических рекомендац | инэкономразвития России от 02.10.2013 N 567 ""Об утверждении Методических рекомендац"
0372500009325000018;;567;orders;Закупка № 0372500009325000018 Обоснование_НМЦК[15].xlsx;C:\Users\Sergey\MAGA\Kimch\НМЦК_сборка\44-фз\Закупка № 0372500009325000018 Обоснование_НМЦК[15].xlsx;;"567: ия Российской Федерации от 02.10.2013 № 567 «Об утверждении методических рекомендац | инэкономразвития России от 02.10.2013 N 567 ""Об утверждении Методических рекомендац"
0372500009325000020;;567;orders;Закупка № 0372500009325000020 Приложение_№_1_-_Обоснование_НМЦК.xlsx;C:\Users\Sergey\MAGA\Kimch\НМЦК_сборка\44-фз\Закупка № 0372500009325000020 Приложение_№_1_-_Обоснование_НМЦК.xlsx;;"567: ия Российской Федерации от 02.10.2013 № 567 «Об утверждении методических рекомендац | инэкономразвития России от 02.10.2013 N 567 ""Об утверждении Методических рекомендац"
0372500009325000025;;567;orders;Закупка № 0372500009325000025 Приложение_№_1_-_Обоснование_НМЦК.xlsx;C:\Users\Sergey\MAGA\Kimch\НМЦК_сборка\44-фз\Закупка № 0372500009325000025 Приложение_№_1_-_Обоснование_НМЦК.xlsx;;"567: ия Российской Федерации от 02.10.2013 № 567 «Об утверждении методических рекомендац | инэкономразвития России от 02.10.2013 N 567 ""Об утверждении Методических рекомендац"
0373100089325000006;22;567;orders+article;Закупка № 0373100089325000006 Приложение № 2. Обоснование расчета НМЦК Земснаряд.xlsx;C:\Users\Sergey\MAGA\Kimch\НМЦК_сборка\44-фз\Закупка № 0373100089325000006 Приложение № 2. Обоснование расчета НМЦК Земснаряд.xlsx;22: В соответствии со статьей 22 Федерального закона от 05.04.2013 года ;567: ва экономического развития РФ (Приказ № 567 от 02.10.2013). Обоснование и расчет на
0373100089325000018;22;567;orders+article;Закупка № 0373100089325000018 Приложение № 2. Обоснование расчета НМЦК Земснаряд.xlsx;C:\Users\Sergey\MAGA\Kimch\НМЦК_сборка\44-фз\Закупка № 0373100089325000018 Приложение № 2. Обоснование расчета НМЦК Земснаряд.xlsx;22: В соответствии со статьей 22 Федерального закона от 05.04.2013 года ;567: ва экономического развития РФ (Приказ № 567 от 02.10.2013). Обоснование и расчет на
0373400009625000015;22;;article;Закупка № 0373400009625000015 Приложение № 1 НМЦК+.xlsx;C:\Users\Sergey\MAGA\Kimch\НМЦК_сборка\44-фз\Закупка № 0373400009625000015 Приложение № 1 НМЦК+.xlsx;22: цены контракта методов, указанных в ч.1 ст.22 Федерального закона № 44-ФЗ, заказчиком;
0373400009625000057;22;567;orders+article;Закупка № 0373400009625000057 Приложение № 1 НМЦК+.xlsx;C:\Users\Sergey\MAGA\Kimch\НМЦК_сборка\44-фз\Закупка № 0373400009625000057 Приложение № 1 НМЦК+.xlsx;22: В соответствии со статьей 22 Федерального закона от 05.04.2013 года ;567: ва экономического развития РФ (Приказ № 567 от 02.10.2013). Обоснование и расчет на
0373400009625000118;22;567;orders+article;Закупка № 0373400009625000118 Приложение № 1 НМЦК.xlsx;C:\Users\Sergey\MAGA\Kimch\НМЦК_сборка\44-фз\Закупка № 0373400009625000118 Приложение № 1 НМЦК.xlsx;22: В соответствии со статьей 22 Федерального закона от 05.04.2013 года ;567: ва экономического развития РФ (Приказ № 567 от 02.10.2013). Обоснование и расчет на
0373400009625000150;22;567;orders+article;Закупка № 0373400009625000150 Приложение № 1 НМЦК.xlsx;C:\Users\Sergey\MAGA\Kimch\НМЦК_сборка\44-фз\Закупка № 0373400009625000150 Приложение № 1 НМЦК.xlsx;22: В соответствии со статьей 22 Федерального закона от 05.04.2013 года ;567: ва экономического развития РФ (Приказ № 567 от 02.10.2013). Обоснование и расчет на
0375400000925000014;22;567;orders+article;Закупка № 0375400000925000014 НМЦК.xlsx;C:\Users\Sergey\MAGA\Kimch\НМЦК_сборка\44-фз\Закупка № 0375400000925000014 НМЦК.xlsx;22: ом, исполнителем) (в соответствии с п.6 ст.22 44-ФЗ) Расчет выполнен в соответствии с;567: жденными приказом МЭР РФ от 02.10.2013 №567
0375400000925000037;22;567;orders+article;Закупка № 0375400000925000037 НМЦК_Лодка.xlsx;C:\Users\Sergey\MAGA\Kimch\НМЦК_сборка\44-фз\Закупка № 0375400000925000037 НМЦК_Лодка.xlsx;22: ом, исполнителем) (в соответствии с п.6 ст.22 44-ФЗ) Расчет выполнен в соответствии с;567: жденными приказом МЭР РФ от 02.10.2013 №567
0375400000925000042;22;567;orders+article;Закупка № 0375400000925000042 НМЦК_Лодка.xlsx;C:\Users\Sergey\MAGA\Kimch\НМЦК_сборка\44-фз\Закупка № 0375400000925000042 НМЦК_Лодка.xlsx;22: ом, исполнителем) (в соответствии с п.6 ст.22 44-ФЗ) Расчет выполнен в соответствии с;567: жденными приказом МЭР РФ от 02.10.2013 №567
0375400000925000049;22;567;orders+article;Закупка № 0375400000925000049 НМЦК_Лодка.xlsx;C:\Users\Sergey\MAGA\Kimch\НМЦК_сборка\44-фз\Закупка № 0375400000925000049 НМЦК_Лодка.xlsx;22: ом, исполнителем) (в соответствии с п.6 ст.22 44-ФЗ) Расчет выполнен в соответствии с;567: жденными приказом МЭР РФ от 02.10.2013 №567
0380400000225000003;22;567;orders+article;Закупка № 0380400000225000003 Приложение№ 2 Обоснование ЦК .xlsx;C:\Users\Sergey\MAGA\Kimch\НМЦК_сборка\44-фз\Закупка № 0380400000225000003 Приложение№ 2 Обоснование ЦК .xlsx;22: В соответствии со статьей 22 Федерального закона от 05.04.2013 года ;567: ва экономического развития РФ (Приказ № 567 от 02.10.2013). Обоснование и расчет на
0387200010725000002;22;;article;Закупка № 0387200010725000002 РНМЦК наука.xlsx.xlsx;C:\Users\Sergey\MAGA\Kimch\НМЦК_сборка\44-фз\Закупка № 0387200010725000002 РНМЦК наука.xlsx.xlsx;22: ых цен (анализ рынка) в соответствии со статьей 22 Федерального закона от 05.04.2013 № 44-;
0387200011125000011;22;;article;Закупка № 0387200011125000011 НМЦК лодка.xlsx.xlsx;C:\Users\Sergey\MAGA\Kimch\НМЦК_сборка\44-фз\Закупка № 0387200011125000011 НМЦК лодка.xlsx.xlsx;22: ых цен (анализ рынка) в соответствии со статьей 22 Федерального Закона от 05.04.2013 №44-Ф;
0387200011125000020;22;;article;Закупка № 0387200011125000020 НМЦК лодка.xlsx.xlsx;C:\Users\Sergey\MAGA\Kimch\НМЦК_сборка\44-фз\Закупка № 0387200011125000020 НМЦК лодка.xlsx.xlsx;22: ых цен (анализ рынка) в соответствии со статьей 22 Федерального Закона от 05.04.2013 №44-Ф;
0387200011125000021;22;;article;Закупка № 0387200011125000021 НМЦК лодка.xlsx.xlsx;C:\Users\Sergey\MAGA\Kimch\НМЦК_сборка\44-фз\Закупка № 0387200011125000021 НМЦК лодка.xlsx.xlsx;22: ых цен (анализ рынка) в соответствии со статьей 22 Федерального Закона от 05.04.2013 №44-Ф;
0387200021325000007;22;;article;Закупка № 0387200021325000007 расчет НМЦК (6).xls.xls;C:\Users\Sergey\MAGA\Kimch\НМЦК_сборка\44-фз\Закупка № 0387200021325000007 расчет НМЦК (6).xls.xls;22: лиза  рынка)  в соответствии  с  ч.  6  ст.  22  Федерального закона от 05.04.2013 № 44;
0815500000525003398;22;567;orders+article;Закупка № 0815500000525003398 Приложение 2. НМЦК .xls;C:\Users\Sergey\MAGA\Kimch\НМЦК_сборка\44-фз\Закупка № 0815500000525003398 Приложение 2. НМЦК .xls;22: бран (для расчета) в соответствии с п.6 ст.22 Федерального закона от 5 апреля 2013 го;"567: инэкономразвития России от 02.10.2013 N 567 ""Об утверждении Методических рекомендац | зом Минэкономразвития РФ от 02.10.2013 №567 расчет произведен с помощью стандартных"
0815500000525004542;22;567;orders+article;Закупка № 0815500000525004542 Приложение 2 Обоснование НМЦК.xls;C:\Users\Sergey\MAGA\Kimch\НМЦК_сборка\44-фз\Закупка № 0815500000525004542 Приложение 2 Обоснование НМЦК.xls;22: бран (для расчета) в соответствии с п.6 ст.22 Федерального закона от 5 апреля 2013 го;"567: инэкономразвития России от 02.10.2013 N 567 ""Об утверждении Методических рекомендац | зом Минэкономразвития РФ от 02.10.2013 №567 расчет произведен с помощью стандартных"
0815500000525008196;22;567;orders+article;Закупка № 0815500000525008196 Приложение 2 Обоснование НМЦК.xls;C:\Users\Sergey\MAGA\Kimch\НМЦК_сборка\44-фз\Закупка № 0815500000525008196 Приложение 2 Обоснование НМЦК.xls;22: бран (для расчета) в соответствии с п.6 ст.22 Федерального закона от 5 апреля 2013 го;"567: инэкономразвития России от 02.10.2013 N 567 ""Об утверждении Методических рекомендац | зом Минэкономразвития РФ от 02.10.2013 №567 расчет произведен с помощью стандартных"
0816500000625002427;;567;orders;Закупка № 0816500000625002427 Приложение 2. ОНМЦК.xlsx;C:\Users\Sergey\MAGA\Kimch\НМЦК_сборка\44-фз\Закупка № 0816500000625002427 Приложение 2. ОНМЦК.xlsx;;"567: инэкономразвития России от 02.10.2013 N 567 ""Об утверждении Методических рекомендац | зом Минэкономразвития РФ от 02.10.2013 №567 расчет произведен с помощью стандартных"
0816600003725000019;;567;orders;Закупка № 0816600003725000019 Приложение №2. ОНМЦК.xlsx;C:\Users\Sergey\MAGA\Kimch\НМЦК_сборка\44-фз\Закупка № 0816600003725000019 Приложение №2. ОНМЦК.xlsx;;"567: инэкономразвития России от 02.10.2013 N 567 ""Об утверждении Методических рекомендац | инэкономразвития России от 02.10.2013 № 567 расчет произведен с помощью стандартных"
0818300019925000161;22;567;orders+article;Закупка № 0818300019925000161 Обоснование начальной (максимальной) цены контракта.xlsx;C:\Users\Sergey\MAGA\Kimch\НМЦК_сборка\44-фз\Закупка № 0818300019925000161 Обоснование начальной (максимальной) цены контракта.xlsx;22: В соответствии со статьей 22 Федерального закона от 05.04.2013 № 44-;567: ской Федерации от 2 октября 2013 года № 567 «Об утверждении методических рекомендац
0818500000825001773;22;567;orders+article;Закупка № 0818500000825001773 Обоснование НМЦК.xls;C:\Users\Sergey\MAGA\Kimch\НМЦК_сборка\44-фз\Закупка № 0818500000825001773 Обоснование НМЦК.xls;22:  (максимальной) цены контракта: часть 6 ст 22 Федерального закона 44-ФЗ от 5 апреля 2;567: ской Федерации от 2 октября 2013 года № 567 «Об утверждении методических рекомендац
0818500000825002462;22;567;orders+article;Закупка № 0818500000825002462 Обоснование НМЦК.xlsx;C:\Users\Sergey\MAGA\Kimch\НМЦК_сборка\44-фз\Закупка № 0818500000825002462 Обоснование НМЦК.xlsx;22:  (максимальной) цены контракта: часть 6 ст 22 Федерального закона 44-ФЗ от 5 апреля 2;567: ской Федерации от 2 октября 2013 года № 567 «Об утверждении методических рекомендац
0818500000825002876;22;567;orders+article;Закупка № 0818500000825002876 Обоснование НМЦК.xlsx;C:\Users\Sergey\MAGA\Kimch\НМЦК_сборка\44-фз\Закупка № 0818500000825002876 Обоснование НМЦК.xlsx;22: сполнителем), в соответствии с частью 6 статьи 22 Федерального закона от 5 апреля 2013 г.;"567: ийской Федерации от 2 октября 2013 г. № 567 ""Об утверждении методических рекомендац"
0818500000825003851;22;567;orders+article;Закупка № 0818500000825003851 Обоснование НМЦК луч.xlsx;C:\Users\Sergey\MAGA\Kimch\НМЦК_сборка\44-фз\Закупка № 0818500000825003851 Обоснование НМЦК луч.xlsx;22: сполнителем), в соответствии с частью 6 статьи 22 Федерального закона от 5 апреля 2013 г.;"567: ийской Федерации от 2 октября 2013 г. № 567 ""Об утверждении методических рекомендац"
0849400000225000042;34;;article;Закупка № 0849400000225000042 ЦКЕП Понтон.xls;C:\Users\Sergey\MAGA\Kimch\НМЦК_сборка\44-фз\Закупка № 0849400000225000042 ЦКЕП Понтон.xls;34: ного объема средств (результативности) (Ст.34. Бюджетного кодекса РФ от 31.07.1998 № ;
0849400000225000048;34;;article;Закупка № 0849400000225000048 ЦКЕП Понтон.xls;C:\Users\Sergey\MAGA\Kimch\НМЦК_сборка\44-фз\Закупка № 0849400000225000048 ЦКЕП Понтон.xls;34: ного объема средств (результативности) (Ст.34. Бюджетного кодекса РФ от 31.07.1998 № ;
0849400000225000067;34;;article;Закупка № 0849400000225000067 ЦКЕП Понтон.xls;C:\Users\Sergey\MAGA\Kimch\НМЦК_сборка\44-фз\Закупка № 0849400000225000067 ЦКЕП Понтон.xls;34: ного объема средств (результативности) (Ст.34. Бюджетного кодекса РФ от 31.07.1998 № ;
0865200000325000224;22;;article;Закупка № 0865200000325000224 Обоснование начальной (максимальной) цены контракта.xlsx;C:\Users\Sergey\MAGA\Kimch\НМЦК_сборка\44-фз\Закупка № 0865200000325000224 Обоснование начальной (максимальной) цены контракта.xlsx;22: НМЦК): иной метод в соответствии с ч.12 ст.22 Федерального закона от 05.04.2013 № 44- | тодов определения НМЦК, указанных в ч.1 ст.22 Федерального закона от 05.04.2013 № 44-;
0869200000225003335;22;567;orders+article;Закупка № 0869200000225003335 2685-ЭА Приложение № 2 к извещению (Обоснование нмцк).xlsx;C:\Users\Sergey\MAGA\Kimch\НМЦК_сборка\44-фз\Закупка № 0869200000225003335 2685-ЭА Приложение № 2 к извещению (Обоснование нмцк).xlsx;22:  цен (анализа рынка) в соответствии ч.2 статьи 22 Федерального закона №44-ФЗ и с Приказом;"567: инэкономразвития России от 02.10.2013 N 567 ""Об утверждении Методических рекомендац"
0869200000225006221;22;567;orders+article;Закупка № 0869200000225006221 4859-ЭА Приложение №2 к извещению (Обоснование НМЦК).xlsx;C:\Users\Sergey\MAGA\Kimch\НМЦК_сборка\44-фз\Закупка № 0869200000225006221 4859-ЭА Приложение №2 к извещению (Обоснование НМЦК).xlsx;22:  цен (анализа рынка) в соответствии ч.2 статьи 22 Федерального закона №44-ФЗ и с Приказом;"567: инэкономразвития России от 02.10.2013 N 567 ""Об утверждении Методических рекомендац"
0891200000625002178;22;;article;Закупка № 0891200000625002178 Обоснование НМЦК.xlsx;C:\Users\Sergey\MAGA\Kimch\НМЦК_сборка\44-фз\Закупка № 0891200000625002178 Обоснование НМЦК.xlsx;22: 1. В соответствии с требованиями статьи 22 Федерального закона от 05.04.2013 №44-Ф;
